<?xml version="1.0" encoding="UTF-8"?>
<document>
<head>
<xs:schema xmlns:xs="http://www.w3.org/2001/XMLSchema">
 <xs:element type="xs:string" name="title"/>
 <xs:element type="xs:string" name="title_long"/>
 <xs:element type="xs:string" name="version"/>
 <xs:element type="xs:string" name="current_version"/>
 <xs:element type="xs:string" name="version_long"/>
 <xs:element type="xs:string" name="last-update"/>
 <xs:element type="xs:string" name="author"/>
 <xs:element type="xs:string" name="e-mail"/>
 <xs:element type="xs:string" name="license"/>
 <xs:element type="xs:string" name="license_notice"/>
 <xs:element type="xs:string" name="date"/>
 <xs:complexType name="entry">
  <xs:sequence>
   <xs:any processContents="lax" minOccurs="0" maxOccurs="unbounded"/>
  </xs:sequence>
 </xs:complexType>
 <xs:complexType name="history">
  <xs:sequence>
   <xs:any processContents="lax" minOccurs="0" maxOccurs="unbounded"/>
  </xs:sequence>
 </xs:complexType>
<!--incomplete schema still figuring out complex nested types--> 
</xs:schema> 
</head>
<title>ParaCrypt</title>
<title_long>Paranoid Encryption</title_long>
<current_version>1.0.0</current_version>
<version_long>Version 1.0.0</version_long>
<last-update>March 23, 2018</last-update>
<author>Jonathan Gutow</author>
<e-mail>jgutow@new.rr.com</e-mail>
<license>GNU GPL V3</license>
<license_notice>
    This is part of the ParaCrypt package which provides one-time-pad encryption
    using a combination of preshared files and a password or time-varying 
    password.
    
    Copyright (C) 2018 Jonathan Gutow

    This program is free software: you can redistribute it and/or modify
    it under the terms of the GNU General Public License as published by
    the Free Software Foundation, either version 3 of the License, or
    (at your option) any later version.

    This program is distributed in the hope that it will be useful,
    but WITHOUT ANY WARRANTY; without even the implied warranty of
    MERCHANTABILITY or FITNESS FOR A PARTICULAR PURPOSE.  See the
    GNU General Public License for more details.

    You should have received a copy of the GNU General Public License
    along with this program.  If not, see https://www.gnu.org/licenses/.
    
    NOTICE: The following are copyrighted separately by Jonathan Gutow 2018: the
      ParaCrypt logo; the names "ParaCrypt" and "Paranoid Encryption"; the
      phrase "more convenient one-time-pad encryption". Derivative works must 
      use different names and logos.
</license_notice>
<history>
 <entry>
  <version>1.0.0</version>
   <date>March 23, 2018</date>
   Escaped special characters in help URL. Added license-gpl-3.0.txt to help.
   Added versioned encrypted test files. Added 'title_long' to Version.xml
   fields. Added versioning to MacOS.spec file for building bundled release.
   Updates to help and readme files. Addition of developer help notes .html file.
   Adjusted file menu to include selecting files and to not show 'Quit' in MacOS.
 </entry>
 <entry>
  <version>1.0.0RC3</version>
   <date>March 4, 2018</date>
   Typos and reserved word usage fixed. Adaptations and more artwork to allow
   MacOS bundling. License headers added to files. Added text for Export
   Administration Regulations email notice of exemption from export restictions
   for publically available encryption source code. Minor text updates to help
   and Readme.html
 </entry>
 <entry>
  <version>1.0.0RC2</version>
   <date>January 22, 2018</date>
  Bugfix to randomize key to make sure that the central byte of the previous
  randomized chunk is used to pick the next chunk size. This makes the program
  incompatible with version 1.0.0RC1 and all previous versions. Modified About
  Box to use information from this Verison.xml file. Git repository cleanup.
 </entry>
 <entry>
 <version>1.0.0RC1</version>
  <date>January 18, 2018</date>
  Initial wx based graphical user interface version incorporating the python
  scripts randomizekey.py, encryptutil.py and decryptutil.py.
 </entry>
</history>
</document>